{"errors":[],"warnings":[],"namedChunkGroups":{"app":{"chunks":[5,1],"assets":["webpack-runtime-e3749db23c1a106c3021.js","webpack-runtime-e3749db23c1a106c3021.js.map","app-44e08584625ab0246fac.js","app-44e08584625ab0246fac.js.map"],"children":{},"childAssets":{}},"component---src-pages-404-js":{"chunks":[0,2],"assets":["0-557150ec22af618a3b3c.js","0-557150ec22af618a3b3c.js.map","component---src-pages-404-js-91f14253d0c0898e42d4.js","component---src-pages-404-js-91f14253d0c0898e42d4.js.map"],"children":{},"childAssets":{}},"component---src-pages-index-js":{"chunks":[0,6,3],"assets":["0-557150ec22af618a3b3c.js","0-557150ec22af618a3b3c.js.map","6.480949fb654d79b45030.css","6-08e2b8e7f4704bab6330.js","6-08e2b8e7f4704bab6330.js.map","component---src-pages-index-js-a0c3d94b83574f6d3968.js","component---src-pages-index-js-a0c3d94b83574f6d3968.js.map"],"children":{},"childAssets":{}},"component---src-pages-subpage-js":{"chunks":[0,4],"assets":["0-557150ec22af618a3b3c.js","0-557150ec22af618a3b3c.js.map","component---src-pages-subpage-js-1ec25ba76c45206a177b.js","component---src-pages-subpage-js-1ec25ba76c45206a177b.js.map"],"children":{},"childAssets":{}}},"assetsByChunkName":{"app":["webpack-runtime-e3749db23c1a106c3021.js","app-44e08584625ab0246fac.js"],"component---src-pages-404-js":["0-557150ec22af618a3b3c.js","component---src-pages-404-js-91f14253d0c0898e42d4.js"],"component---src-pages-index-js":["0-557150ec22af618a3b3c.js","6.480949fb654d79b45030.css","6-08e2b8e7f4704bab6330.js","component---src-pages-index-js-a0c3d94b83574f6d3968.js"],"component---src-pages-subpage-js":["0-557150ec22af618a3b3c.js","component---src-pages-subpage-js-1ec25ba76c45206a177b.js"]}}